{"name":"ae968b43-c64b-44d3-bead-2fa754081f6c","id":"/providers/Microsoft.Flow/flows/ae968b43-c64b-44d3-bead-2fa754081f6c","type":"Microsoft.Flow/flows","properties":{"apiId":"/providers/Microsoft.PowerApps/apis/shared_logicflows","displayName":"getHandshakeRecords","definition":{"metadata":{"workflowEntityId":null,"processAdvisorMetadata":null,"flowChargedByPaygo":null,"flowclientsuspensionreason":"None","flowclientsuspensiontime":null,"flowclientsuspensionreasondetails":null,"creator":{"id":"40ad053f-ecfb-4cf5-8db2-5a7ca8dff330","type":"User","tenantId":"b01f69fa-6aeb-484a-a6b3-cd9f723bf575"},"provisioningMethod":"FromDefinition","failureAlertSubscription":true,"clientLastModifiedTime":"2023-09-08T19:00:48.19789Z"},"$schema":"https://schema.management.azure.com/providers/Microsoft.Logic/schemas/2016-06-01/workflowdefinition.json#","contentVersion":"1.0.0.0","parameters":{"$authentication":{"defaultValue":{},"type":"SecureObject"}},"triggers":{"manual":{"metadata":{"operationMetadataId":"9fdf2009-b39e-431a-a8fc-4eda88c43d3a"},"type":"Request","kind":"PowerApp","inputs":{"schema":{"type":"object","properties":{},"required":[]}}}},"actions":{"HTTP":{"runAfter":{},"metadata":{"operationMetadataId":"db23406c-7427-4564-ac6b-08c489370ee0"},"type":"Http","inputs":{"method":"POST","uri":"https://ds-vtax-eu2-logic-03.azurewebsites.net:443/api/getHandshakeRecords/triggers/When_a_HTTP_request_is_received/invoke?api-version=2022-05-01&sp=%2Ftriggers%2FWhen_a_HTTP_request_is_received%2Frun&sv=1.0&sig=18gHB7MYUQBrIoPqhj-PRgs5h1iWOpArGtqW6mMBMUU"}},"Response":{"runAfter":{"HTTP":["Succeeded"]},"metadata":{"operationMetadataId":"e72c253d-168e-4978-8604-97c2f94a1e08"},"type":"Response","kind":"Http","inputs":{"statusCode":200,"body":"@body('HTTP')","schema":{"type":"array","items":{"type":"object","properties":{"DataContractID":{"type":"string"},"DataSourceName":{"type":"string"},"Publisher":{"type":"string"},"CreatedBy":{"type":"string"},"CreatedByDate":{"type":"string"},"Active":{"type":"boolean"},"ConnectionType":{"type":"string"},"label":{"type":"string"},"value":{"type":"string"}},"required":["DataContractID","DataSourceName","Publisher","CreatedBy","CreatedByDate","Active","ConnectionType","label","value"]}}}}}},"connectionReferences":{},"flowFailureAlertSubscribed":false,"isManaged":false}}