{"name":"ccd4d93c-931b-4248-bf8f-0b3348ea6078","id":"/providers/Microsoft.Flow/flows/ccd4d93c-931b-4248-bf8f-0b3348ea6078","type":"Microsoft.Flow/flows","properties":{"apiId":"/providers/Microsoft.PowerApps/apis/shared_logicflows","displayName":"schema","definition":{"metadata":{"workflowEntityId":null,"processAdvisorMetadata":null,"flowChargedByPaygo":null,"flowclientsuspensionreason":"None","flowclientsuspensiontime":null,"flowclientsuspensionreasondetails":null,"creator":{"id":"40ad053f-ecfb-4cf5-8db2-5a7ca8dff330","type":"User","tenantId":"b01f69fa-6aeb-484a-a6b3-cd9f723bf575"},"provisioningMethod":"FromDefinition","failureAlertSubscription":true,"clientLastModifiedTime":"2023-08-28T12:50:37.195846Z"},"$schema":"https://schema.management.azure.com/providers/Microsoft.Logic/schemas/2016-06-01/workflowdefinition.json#","contentVersion":"1.0.0.0","parameters":{"$authentication":{"defaultValue":{},"type":"SecureObject"}},"triggers":{"manual":{"metadata":{"operationMetadataId":"57e40960-ce07-4568-871c-fda7dfe9f765"},"type":"Request","kind":"PowerApp","inputs":{"schema":{"type":"object","properties":{"HTTP_Body":{"type":"any","description":"Enter request content. This parameter is used as part of \"040CFEC7-5BE1-44FE-95E5-C7516DA02398\"","x-ms-powerflows-param-ispartial":true},"HTTP_Body_1":{"type":"any"},"HTTP_Body_2":{"type":"any"},"HTTP_Body_3":{"type":"any"}},"required":["HTTP_Body","HTTP_Body_1","HTTP_Body_2","HTTP_Body_3"]}}}},"actions":{"Response":{"runAfter":{"HTTP":["Succeeded"]},"metadata":{"operationMetadataId":"a8d8afba-50e1-4324-bf0c-55488df196f6"},"type":"Response","kind":"Http","inputs":{"statusCode":200,"body":"@body('HTTP')","schema":{"type":"array","items":{"type":"object","properties":{"ColumnName":{"type":"string"},"ColumnOrdinalPosition":{"type":"integer"},"DataCollation":{"type":"string"},"DataPrecision":{"type":"integer"},"DataType":{"type":"string"},"MaximumLength":{"type":"integer"}},"required":["ColumnName","ColumnOrdinalPosition","DataCollation","DataPrecision","DataType","MaximumLength"]}}}},"padType":{"runAfter":{},"metadata":{"operationMetadataId":"08a57ef7-438b-424a-8e9b-6d8ef1c571bf"},"type":"InitializeVariable","inputs":{"variables":[{"name":"paddedType","type":"string","value":"@{concat('''',triggerBody()['HTTP_Body_1'],'''')}"}]}},"padPath":{"runAfter":{"padType":["Succeeded"]},"metadata":{"operationMetadataId":"7f4b9b5a-b541-4688-bfa6-466009b1a876"},"type":"InitializeVariable","inputs":{"variables":[{"name":"padPath","type":"string","value":"@{concat('''',triggerBody()['HTTP_Body'],'''')}"}]}},"HTTP":{"runAfter":{"padPath":["Succeeded"]},"metadata":{"operationMetadataId":"a02af78c-93a8-4c8f-a56b-1865b412ae87"},"type":"Http","inputs":{"method":"POST","uri":"https://ds-vtax-eu2-logic-03.azurewebsites.net:443/api/getSchema/triggers/manual/invoke?api-version=2022-05-01&sp=%2Ftriggers%2Fmanual%2Frun&sv=1.0&sig=IlKjmUHilfhxcrhB1tc67QFRx8QOl4QLlSd4vlqy2uM","body":{"path":"@{triggerBody()['HTTP_Body']}","fileType":"@{triggerBody()['HTTP_Body_1']}","currentPage":"@{triggerBody()['HTTP_Body_2']}","delimiterValue":"@{triggerBody()['HTTP_Body_3']}"}}}}},"connectionReferences":{},"flowFailureAlertSubscribed":false,"isManaged":false}}