{"name":"59249a82-441a-4376-a190-010c194f36fb","id":"/providers/Microsoft.Flow/flows/59249a82-441a-4376-a190-010c194f36fb","type":"Microsoft.Flow/flows","properties":{"apiId":"/providers/Microsoft.PowerApps/apis/shared_logicflows","displayName":"HandshakeSubmit","definition":{"metadata":{"workflowEntityId":null,"processAdvisorMetadata":null,"flowChargedByPaygo":null,"flowclientsuspensionreason":"None","flowclientsuspensiontime":null,"flowclientsuspensionreasondetails":null,"creator":{"id":"40ad053f-ecfb-4cf5-8db2-5a7ca8dff330","type":"User","tenantId":"b01f69fa-6aeb-484a-a6b3-cd9f723bf575"},"provisioningMethod":"FromDefinition","failureAlertSubscription":true,"clientLastModifiedTime":"2023-09-21T18:48:46.7008457Z"},"$schema":"https://schema.management.azure.com/providers/Microsoft.Logic/schemas/2016-06-01/workflowdefinition.json#","contentVersion":"1.0.0.0","parameters":{"$authentication":{"defaultValue":{},"type":"SecureObject"}},"triggers":{"manual":{"metadata":{"operationMetadataId":"6a829498-1890-49b5-843f-4aaf894bf398"},"type":"Request","kind":"PowerApp","inputs":{"schema":{"type":"object","properties":{"ParseJSON_Content":{"type":"any","x-ms-powerflows-param-ispartial":false}},"required":["ParseJSON_Content"]}}}},"actions":{"HTTP":{"runAfter":{"Parse_JSON":["Succeeded"]},"metadata":{"operationMetadataId":"87f5cb2d-2faf-427f-abbd-3da4cbed6e0c"},"type":"Http","inputs":{"method":"POST","uri":"https://ds-vtax-eu2-logic-03.azurewebsites.net:443/api/handshakeSubmit/triggers/manual/invoke?api-version=2022-05-01&sp=%2Ftriggers%2Fmanual%2Frun&sv=1.0&sig=nZv4MUzQnXqOfbyjfvAcD30WEu4RM0Fh81sTHoPdqfk","body":"@body('Parse_JSON')"}},"Response":{"runAfter":{"HTTP":["Succeeded"]},"metadata":{"operationMetadataId":"17a465be-ccff-4b62-8c9c-19eb17e35804"},"type":"Response","kind":"Http","inputs":{"statusCode":200,"body":"@body('HTTP')"}},"Parse_JSON":{"runAfter":{},"metadata":{"operationMetadataId":"4fe829a1-cb7a-4f67-9acf-5a0f5bc2d3f4"},"type":"ParseJson","inputs":{"content":"@triggerBody()['ParseJSON_Content']","schema":{"type":"array","items":{"type":"object","properties":{"ConnectionType":{"type":"string"},"CreatedBy":{"type":"string"},"DataAssetTechnicalInformation":{"type":"array","items":{"type":"object","properties":{"label":{"type":"string"},"value":{"type":"string"}},"required":["label","value"]}},"DataContractID":{"type":"string"},"DataSourceName":{"type":"string"},"IngestionSchedule":{"type":"array","items":{"type":"object","properties":{"IngesionScheduleFrequencyRecurrenceValue":{},"IngestionSceheduleTriggerName":{"type":["string","null"]},"IngestionSchedule":{"type":"boolean"},"IngestionScheduleFrequencyRecurrence":{"type":["string","null"]},"IngestionScheduleRunOnSubmit":{"type":"boolean"},"IngestionScheduleStartDate":{"type":["string","null"]},"IngestionScheduleStartTime":{"type":["string","null"]}},"required":["IngesionScheduleFrequencyRecurrenceValue","IngestionSceheduleTriggerName","IngestionSchedule","IngestionScheduleFrequencyRecurrence","IngestionScheduleRunOnSubmit","IngestionScheduleStartDate","IngestionScheduleStartTime"]}},"PublisherName":{"type":"string"},"SourceFolderPath":{"type":"string"},"SourceTechnicalInformation":{"type":"array","items":{"type":"object","properties":{"label":{"type":"string"},"value":{"type":"string"}},"required":["label","value"]}},"dynamicSinkPath":{"type":["string","null"]},"sourceType":{"type":"string"}},"required":["ConnectionType","CreatedBy","DataAssetTechnicalInformation","DataContractID","DataSourceName","IngestionSchedule","PublisherName","SourceFolderPath","SourceTechnicalInformation","dynamicSinkPath","sourceType"]}}}}}},"connectionReferences":{},"flowFailureAlertSubscribed":false,"isManaged":false}}