{"name":"77924f5a-4af4-4afe-9eee-3e16140b3d3e","id":"/providers/Microsoft.Flow/flows/77924f5a-4af4-4afe-9eee-3e16140b3d3e","type":"Microsoft.Flow/flows","properties":{"apiId":"/providers/Microsoft.PowerApps/apis/shared_logicflows","displayName":"getDataAssetTechnicalValues","definition":{"metadata":{"workflowEntityId":null,"processAdvisorMetadata":null,"flowChargedByPaygo":null,"flowclientsuspensionreason":"None","flowclientsuspensiontime":null,"flowclientsuspensionreasondetails":null,"creator":{"id":"40ad053f-ecfb-4cf5-8db2-5a7ca8dff330","type":"User","tenantId":"b01f69fa-6aeb-484a-a6b3-cd9f723bf575"},"provisioningMethod":"FromDefinition","failureAlertSubscription":true,"clientLastModifiedTime":"2023-09-19T00:35:24.1907248Z"},"$schema":"https://schema.management.azure.com/providers/Microsoft.Logic/schemas/2016-06-01/workflowdefinition.json#","contentVersion":"1.0.0.0","parameters":{"$authentication":{"defaultValue":{},"type":"SecureObject"}},"triggers":{"manual":{"metadata":{"operationMetadataId":"394ebf2e-1e45-43e9-bafa-ae77bee4c5aa"},"type":"Request","kind":"PowerApp","inputs":{"schema":{"type":"object","properties":{"HTTP_Body":{"type":"any","description":"Enter request content. This parameter is used as part of \"9E3D2FEF-8516-463A-872B-022EC2791474\"","x-ms-powerflows-param-ispartial":true},"HTTP_Body_1":{"type":"any"}},"required":["HTTP_Body","HTTP_Body_1"]}}}},"actions":{"HTTP":{"runAfter":{},"metadata":{"operationMetadataId":"4b22fe00-21c1-4537-80d9-0dafef4990be"},"type":"Http","inputs":{"method":"POST","uri":"https://ds-vtax-eu2-logic-03.azurewebsites.net:443/api/getNewDataContract/triggers/manual/invoke?api-version=2022-05-01&sp=%2Ftriggers%2Fmanual%2Frun&sv=1.0&sig=JPahoaS4_0eqNS5YJxIfNdoWku9dsJAekDAQ4edKqZE","body":{"pattern":"@triggerBody()['HTTP_Body']","contractID":"@{triggerBody()['HTTP_Body_1']}"}}},"Response":{"runAfter":{"HTTP":["Succeeded"]},"metadata":{"operationMetadataId":"fc057dd9-31be-4f4a-a8d8-89729cd0b3ad"},"type":"Response","kind":"Http","inputs":{"statusCode":200,"body":"@body('HTTP')","schema":{"type":"array","items":{"type":"object","properties":{"ContractID":{"type":"string"},"PatternType":{"type":"string"},"LabelName":{"type":"string"},"Name":{"type":"string"},"ColumnType":{"type":"string"},"required":{"type":"boolean"},"choices":{"type":"string"},"Area":{"type":"string"},"Screen":{"type":"string"},"Icon":{"type":"string"},"DataSourceType":{"type":"string"},"DataSourceSystem":{"type":"string"},"Description":{"type":"string"},"Active":{"type":"boolean"},"visible":{"type":"boolean"},"hslabel":{"type":"string"},"hsvalue":{"type":"string"},"value":{"type":"string"}},"required":["ContractID","PatternType","LabelName","Name","ColumnType","required","choices","Area","Screen","Icon","DataSourceType","DataSourceSystem","Description","Active","visible","hslabel","hsvalue","value"]}}}}}},"connectionReferences":{},"flowFailureAlertSubscribed":false,"isManaged":false}}