{"name":"939adab1-2d49-4915-aae8-a20cc1a0a2e1","id":"/providers/Microsoft.Flow/flows/939adab1-2d49-4915-aae8-a20cc1a0a2e1","type":"Microsoft.Flow/flows","properties":{"apiId":"/providers/Microsoft.PowerApps/apis/shared_logicflows","displayName":"getPatternData","definition":{"metadata":{"workflowEntityId":null,"processAdvisorMetadata":null,"flowChargedByPaygo":null,"flowclientsuspensionreason":"None","flowclientsuspensiontime":null,"flowclientsuspensionreasondetails":null,"creator":{"id":"40ad053f-ecfb-4cf5-8db2-5a7ca8dff330","type":"User","tenantId":"b01f69fa-6aeb-484a-a6b3-cd9f723bf575"},"provisioningMethod":"FromDefinition","failureAlertSubscription":true,"clientLastModifiedTime":"2023-08-28T13:36:20.5316756Z"},"$schema":"https://schema.management.azure.com/providers/Microsoft.Logic/schemas/2016-06-01/workflowdefinition.json#","contentVersion":"1.0.0.0","parameters":{"$authentication":{"defaultValue":{},"type":"SecureObject"}},"triggers":{"manual":{"metadata":{"operationMetadataId":"af86c7bc-1185-40d8-97fb-c0dfd91bb916"},"type":"Request","kind":"PowerApp","inputs":{"schema":{"type":"object","properties":{},"required":[]}}}},"actions":{"HTTP":{"runAfter":{},"metadata":{"operationMetadataId":"9b57dce3-dc87-4e3d-80f5-eec7f53445f0"},"type":"Http","inputs":{"method":"POST","uri":"https://ds-vtax-eu2-logic-03.azurewebsites.net:443/api/getPatternData/triggers/When_a_HTTP_request_is_received/invoke?api-version=2022-05-01&sp=%2Ftriggers%2FWhen_a_HTTP_request_is_received%2Frun&sv=1.0&sig=vESTX3FTMK0oD0hBKX_YX80kPVbVfCq8wWZ_xMBw_U8"}},"Response":{"runAfter":{"HTTP":["Succeeded"]},"metadata":{"operationMetadataId":"212d2ac1-c0e3-41c2-b6a0-eaad3dec5656"},"type":"Response","kind":"Http","inputs":{"statusCode":200,"body":"@body('HTTP')","schema":{"type":"array","items":{"type":"object","properties":{"ID":{"type":"integer"},"PatternType":{"type":"string"},"LabelName":{"type":"string"},"Name":{"type":"string"},"ColumnType":{"type":"string"},"required":{"type":"boolean"},"choices":{"type":"string"},"Area":{"type":"string"},"Screen":{"type":"string"},"Icon":{"type":"string"},"DataSourceType":{"type":"string"},"DataSourceSystem":{"type":"string"},"Description":{"type":"string"},"Active":{"type":"boolean"},"visible":{"type":"boolean"},"columnValue":{"type":"string"}},"required":["ID","PatternType","LabelName","Name","ColumnType","required","choices","Area","Screen","Icon","DataSourceType","DataSourceSystem","Description","Active","visible","columnValue"]}}}}}},"connectionReferences":{},"flowFailureAlertSubscribed":false,"isManaged":false}}