{"name":"f91697e5-5392-4982-8c40-5588bf48f2b9","id":"/providers/Microsoft.Flow/flows/f91697e5-5392-4982-8c40-5588bf48f2b9","type":"Microsoft.Flow/flows","properties":{"apiId":"/providers/Microsoft.PowerApps/apis/shared_logicflows","displayName":"getDatabases","definition":{"metadata":{"workflowEntityId":null,"processAdvisorMetadata":null,"flowChargedByPaygo":null,"flowclientsuspensionreason":"None","flowclientsuspensiontime":null,"flowclientsuspensionreasondetails":null,"creator":{"id":"40ad053f-ecfb-4cf5-8db2-5a7ca8dff330","type":"User","tenantId":"b01f69fa-6aeb-484a-a6b3-cd9f723bf575"},"provisioningMethod":"FromDefinition","failureAlertSubscription":true,"clientLastModifiedTime":"2023-08-28T13:42:35.3012122Z"},"$schema":"https://schema.management.azure.com/providers/Microsoft.Logic/schemas/2016-06-01/workflowdefinition.json#","contentVersion":"1.0.0.0","parameters":{"$authentication":{"defaultValue":{},"type":"SecureObject"}},"triggers":{"manual":{"metadata":{"operationMetadataId":"102adad3-fd5c-41ec-b5ff-fbea59ebc0c6"},"type":"Request","kind":"PowerApp","inputs":{"schema":{"type":"object","properties":{},"required":[]}}}},"actions":{"HTTP":{"runAfter":{},"metadata":{"operationMetadataId":"9de0a1ec-1a1f-4204-9243-00bcc24e84ad"},"type":"Http","inputs":{"method":"POST","uri":"https://ds-vtax-eu2-logic-03.azurewebsites.net:443/api/getDatabases/triggers/manual/invoke?api-version=2022-05-01&sp=%2Ftriggers%2Fmanual%2Frun&sv=1.0&sig=2yZRX4s2SKw_wRomo_z6rP1Q-2dnxw5WV6WDm4w2ruc"}},"Response":{"runAfter":{"HTTP":["Succeeded"]},"metadata":{"operationMetadataId":"65a041c6-be4b-4af3-9c48-881cab469afb"},"type":"Response","kind":"Http","inputs":{"statusCode":200,"body":"@body('HTTP')","schema":{"type":"array","items":{"type":"object","properties":{"collation_name":{"type":"string"},"compatibility_level":{"type":"integer"},"create_date":{"type":"string"},"database_id":{"type":"integer"},"name":{"type":"string"},"owner_sid":{"type":"string"},"physical_database_name":{"type":"string"}},"required":["collation_name","compatibility_level","create_date","database_id","name","owner_sid","physical_database_name"]}}}}}},"connectionReferences":{},"flowFailureAlertSubscribed":false,"isManaged":false}}