{"name":"8f985f88-dc75-40a4-a6b5-6c25c4dfad62","id":"/providers/Microsoft.Flow/flows/8f985f88-dc75-40a4-a6b5-6c25c4dfad62","type":"Microsoft.Flow/flows","properties":{"apiId":"/providers/Microsoft.PowerApps/apis/shared_logicflows","displayName":"getMappingRecords","definition":{"metadata":{"workflowEntityId":null,"processAdvisorMetadata":null,"flowChargedByPaygo":null,"flowclientsuspensionreason":"None","flowclientsuspensiontime":null,"flowclientsuspensionreasondetails":null,"creator":{"id":"40ad053f-ecfb-4cf5-8db2-5a7ca8dff330","type":"User","tenantId":"b01f69fa-6aeb-484a-a6b3-cd9f723bf575"},"provisioningMethod":"FromDefinition","failureAlertSubscription":true,"clientLastModifiedTime":"2023-08-28T13:47:16.9402468Z"},"$schema":"https://schema.management.azure.com/providers/Microsoft.Logic/schemas/2016-06-01/workflowdefinition.json#","contentVersion":"1.0.0.0","parameters":{"$authentication":{"defaultValue":{},"type":"SecureObject"}},"triggers":{"manual":{"metadata":{"operationMetadataId":"7c58498c-72a7-451b-a348-6d40c00829ce"},"type":"Request","kind":"PowerApp","inputs":{"schema":{"type":"object","properties":{},"required":[]}}}},"actions":{"HTTP":{"runAfter":{},"metadata":{"operationMetadataId":"c9721eb7-a93e-42d8-ae8f-cf7e0db4b154"},"type":"Http","inputs":{"method":"POST","uri":"https://ds-vtax-eu2-logic-03.azurewebsites.net:443/api/getMappingRecords/triggers/manual/invoke?api-version=2022-05-01&sp=%2Ftriggers%2Fmanual%2Frun&sv=1.0&sig=wIuzV3Qnq38y2G25wtaR3ZAQd96BjJqO2N8Ef4QGHvw"}},"Response":{"runAfter":{"HTTP":["Succeeded"]},"metadata":{"operationMetadataId":"171bc811-ac43-499c-9dbe-d256bdf2f47f"},"type":"Response","kind":"Http","inputs":{"statusCode":200,"body":"@body('HTTP')","schema":{"type":"array","items":{"type":"object","properties":{"id":{"type":"string"},"Mapping":{"type":"string"},"Business Use Case":{"type":"string"},"Submitted By":{"type":"string"},"Submitted On":{"type":"string"},"active":{"type":"boolean"}},"required":["Id","Mapping","Business Use Case","Submitted By","Submitted On","active"]}}}}}},"connectionReferences":{},"flowFailureAlertSubscribed":false,"isManaged":false}}