{"schemaVersion":"1.0","appDefinitionTemplate":{"id":"/providers/Microsoft.PowerApps/apps/","type":"Microsoft.PowerApps/apps","tags":{"primaryDeviceWidth":"1366","primaryDeviceHeight":"768","supportsPortrait":"true","supportsLandscape":"true","primaryFormFactor":"Tablet","publisherVersion":"3.23092.13","minimumRequiredApiVersion":"2.2.0","hasComponent":"true","hasUnlockedComponent":"true","isUnifiedRootApp":"false","sienaVersion":"20230926T192601Z-3.23092.13.0","showStatusBar":"false"},"properties":{"appVersion":"2023-09-26T19:26:01Z","lifeCycleId":"Published","createdByClientVersion":{"major":3,"minor":23092,"build":13,"revision":0,"majorRevision":0,"minorRevision":0},"minClientVersion":{"major":3,"minor":23092,"build":13,"revision":0,"majorRevision":0,"minorRevision":0},"backgroundColor":"RGBA(0,176,240,1)","backgroundImageUri":"/4872217957602604702/N515eacf5-ac27-4f93-9068-4e57f9b6e550-logoSmallFile","displayName":"Data and AI Portal","description":"","commitMessage":"","appUris":{"documentUri":{"value":"/4872217957602604702/N443c03c3-996c-4823-926b-169a453c5793-document.msapp"},"imageUris":[],"additionalUris":[]},"createdTime":"0001-01-01T00:00:00Z","lastModifiedTime":"0001-01-01T00:00:00Z","sharedGroupsCount":0,"sharedUsersCount":0,"connectionReferences":{"1c7655ac-a340-4b41-aa60-d007c0e73ec6":{"id":"53ec593b-b8b7-4ec7-a32a-c466d5f73009","displayName":"Office 365 Users","iconUri":"https://connectoricons-prod.azureedge.net/u/henryorsborn/partial-builds/asev3migrations-with-resourceTemplate/1.0.1653.3403/office365users/icon.png","dataSources":["Office365Users"],"dependencies":[],"dependents":[],"parameterHints":{},"parameterHintsV2":{},"isOnPremiseConnection":false,"bypassConsent":false,"dataSets":{},"apiTier":"Standard","isCustomApiConnection":false,"actions":["UserProfile","SearchUser"]},"150fa335-b57f-43d3-a229-af0517267736":{"id":"02ab11d1-432c-449f-8fc1-740c6b46f3c1","displayName":"Logic flows","iconUri":"https://connectoricons-prod.azureedge.net/releases/v1.0.1653/1.0.1653.3403/logicflows/icon.png","dataSources":["GetSchemaSynapsedb"],"dependencies":[],"dependents":[],"parameterHints":{"workflowName":{"value":"7e7c5516-4518-4b2d-8373-8b3f37f1cc54"},"workflowEntityId":{}},"parameterHintsV2":{"workflowName":{"value":"7e7c5516-4518-4b2d-8373-8b3f37f1cc54"},"workflowEntityId":{}},"isOnPremiseConnection":false,"bypassConsent":false,"dataSets":{},"apiTier":"Standard","isCustomApiConnection":false,"actions":["Run"]},"8b0551d7-4f7f-4ede-afc6-6a32753b9918":{"id":"02ab11d1-432c-449f-8fc1-740c6b46f3c1","displayName":"Logic flows","iconUri":"https://connectoricons-prod.azureedge.net/releases/v1.0.1653/1.0.1653.3403/logicflows/icon.png","dataSources":["getDatabases"],"dependencies":[],"dependents":[],"parameterHints":{"workflowName":{"value":"32013410-8245-45f1-b4b2-c8d3f48059b5"},"workflowEntityId":{}},"parameterHintsV2":{"workflowName":{"value":"32013410-8245-45f1-b4b2-c8d3f48059b5"},"workflowEntityId":{}},"isOnPremiseConnection":false,"bypassConsent":false,"dataSets":{},"apiTier":"Standard","isCustomApiConnection":false,"actions":["Run"]},"a00c4c7c-b76e-46e5-bc50-b76e103bd151":{"id":"02ab11d1-432c-449f-8fc1-740c6b46f3c1","displayName":"Logic flows","iconUri":"https://connectoricons-prod.azureedge.net/releases/v1.0.1653/1.0.1653.3403/logicflows/icon.png","dataSources":["getDataContract"],"dependencies":[],"dependents":[],"parameterHints":{"workflowName":{"value":"d8f3b81d-b987-4497-aa7a-a3652feb7daa"},"workflowEntityId":{}},"parameterHintsV2":{"workflowName":{"value":"d8f3b81d-b987-4497-aa7a-a3652feb7daa"},"workflowEntityId":{}},"isOnPremiseConnection":false,"bypassConsent":false,"dataSets":{},"apiTier":"Standard","isCustomApiConnection":false,"actions":["Run"]},"f4608399-acf8-45ac-b25c-6d7c96d5ac4a":{"id":"02ab11d1-432c-449f-8fc1-740c6b46f3c1","displayName":"Logic flows","iconUri":"https://connectoricons-prod.azureedge.net/releases/v1.0.1653/1.0.1653.3403/logicflows/icon.png","dataSources":["DataContractMappingSubmit"],"dependencies":[],"dependents":[],"parameterHints":{"workflowName":{"value":"2b842bfb-e9d7-49f2-9730-39b54d082448"},"workflowEntityId":{}},"parameterHintsV2":{"workflowName":{"value":"2b842bfb-e9d7-49f2-9730-39b54d082448"},"workflowEntityId":{}},"isOnPremiseConnection":false,"bypassConsent":false,"dataSets":{},"apiTier":"Standard","isCustomApiConnection":false,"actions":["Run"]},"5c93997f-05cd-4169-950d-5e2ff8fb2e8b":{"id":"02ab11d1-432c-449f-8fc1-740c6b46f3c1","displayName":"Logic flows","iconUri":"https://connectoricons-prod.azureedge.net/releases/v1.0.1653/1.0.1653.3403/logicflows/icon.png","dataSources":["getFromControl"],"dependencies":[],"dependents":[],"parameterHints":{"workflowName":{"value":"c283e3b6-b077-4522-8273-df2002b103f9"},"workflowEntityId":{}},"parameterHintsV2":{"workflowName":{"value":"c283e3b6-b077-4522-8273-df2002b103f9"},"workflowEntityId":{}},"isOnPremiseConnection":false,"bypassConsent":false,"dataSets":{},"apiTier":"Standard","isCustomApiConnection":false,"actions":["Run"]},"8eb4b8dd-4e4f-4ece-8bde-cf4744cb9067":{"id":"02ab11d1-432c-449f-8fc1-740c6b46f3c1","displayName":"Logic flows","iconUri":"https://connectoricons-prod.azureedge.net/releases/v1.0.1653/1.0.1653.3403/logicflows/icon.png","dataSources":["getPatternData"],"dependencies":[],"dependents":[],"parameterHints":{"workflowName":{"value":"86704c03-0194-4749-8b61-754232ab07f0"},"workflowEntityId":{}},"parameterHintsV2":{"workflowName":{"value":"86704c03-0194-4749-8b61-754232ab07f0"},"workflowEntityId":{}},"isOnPremiseConnection":false,"bypassConsent":false,"dataSets":{},"apiTier":"Standard","isCustomApiConnection":false,"actions":["Run"]},"4235ca51-53d9-4abd-b6c1-f943f998e43b":{"id":"02ab11d1-432c-449f-8fc1-740c6b46f3c1","displayName":"Logic flows","iconUri":"https://connectoricons-prod.azureedge.net/releases/v1.0.1653/1.0.1653.3403/logicflows/icon.png","dataSources":["getMappingRecords"],"dependencies":[],"dependents":[],"parameterHints":{"workflowName":{"value":"a300f1ba-ca9e-44ad-9823-aaacb8ed9d79"},"workflowEntityId":{}},"parameterHintsV2":{"workflowName":{"value":"a300f1ba-ca9e-44ad-9823-aaacb8ed9d79"},"workflowEntityId":{}},"isOnPremiseConnection":false,"bypassConsent":false,"dataSets":{},"apiTier":"Standard","isCustomApiConnection":false,"actions":["Run"]},"843c413a-edce-4e8b-889d-c3e7fdee0567":{"id":"02ab11d1-432c-449f-8fc1-740c6b46f3c1","displayName":"Logic flows","iconUri":"https://connectoricons-prod.azureedge.net/releases/v1.0.1653/1.0.1653.3403/logicflows/icon.png","dataSources":["schema"],"dependencies":[],"dependents":[],"parameterHints":{"workflowName":{"value":"7b6f53b9-65c8-4aac-87ef-688d1e1350f1"},"workflowEntityId":{}},"parameterHintsV2":{"workflowName":{"value":"7b6f53b9-65c8-4aac-87ef-688d1e1350f1"},"workflowEntityId":{}},"isOnPremiseConnection":false,"bypassConsent":false,"dataSets":{},"apiTier":"Standard","isCustomApiConnection":false,"actions":["Run"]},"1be1c46e-8d21-4d6e-b840-a2697db2132e":{"id":"02ab11d1-432c-449f-8fc1-740c6b46f3c1","displayName":"Logic flows","iconUri":"https://connectoricons-prod.azureedge.net/releases/v1.0.1653/1.0.1653.3403/logicflows/icon.png","dataSources":["HandshakeSubmit"],"dependencies":[],"dependents":[],"parameterHints":{"workflowName":{"value":"66ce5fb4-3af2-4e82-9c36-0b81fe7a0fd0"},"workflowEntityId":{}},"parameterHintsV2":{"workflowName":{"value":"66ce5fb4-3af2-4e82-9c36-0b81fe7a0fd0"},"workflowEntityId":{}},"isOnPremiseConnection":false,"bypassConsent":false,"dataSets":{},"apiTier":"Standard","isCustomApiConnection":false,"actions":["Run"]},"28f51b06-9d9f-4785-a621-d4873017dd3e":{"id":"02ab11d1-432c-449f-8fc1-740c6b46f3c1","displayName":"Logic flows","iconUri":"https://connectoricons-prod.azureedge.net/releases/v1.0.1653/1.0.1653.3403/logicflows/icon.png","dataSources":["getHandshakeRecords"],"dependencies":[],"dependents":[],"parameterHints":{"workflowName":{"value":"cb1e5e5b-5553-47db-8416-cd21e7aa0b60"},"workflowEntityId":{}},"parameterHintsV2":{"workflowName":{"value":"cb1e5e5b-5553-47db-8416-cd21e7aa0b60"},"workflowEntityId":{}},"isOnPremiseConnection":false,"bypassConsent":false,"dataSets":{},"apiTier":"Standard","isCustomApiConnection":false,"actions":["Run"]},"0193214a-a70d-446a-9522-0bd3bcff3d7f":{"id":"02ab11d1-432c-449f-8fc1-740c6b46f3c1","displayName":"Logic flows","iconUri":"https://connectoricons-prod.azureedge.net/releases/v1.0.1653/1.0.1653.3403/logicflows/icon.png","dataSources":["getDataAssetTechnicalValues"],"dependencies":[],"dependents":[],"parameterHints":{"workflowName":{"value":"ed1aacf4-6c01-4e72-b266-d6166bdc747f"},"workflowEntityId":{}},"parameterHintsV2":{"workflowName":{"value":"ed1aacf4-6c01-4e72-b266-d6166bdc747f"},"workflowEntityId":{}},"isOnPremiseConnection":false,"bypassConsent":false,"dataSets":{},"apiTier":"Standard","isCustomApiConnection":false,"actions":["Run"]},"02c804e1-4fd2-4288-9a45-09049884a508":{"id":"02ab11d1-432c-449f-8fc1-740c6b46f3c1","displayName":"Logic flows","iconUri":"https://connectoricons-prod.azureedge.net/releases/v1.0.1653/1.0.1653.3403/logicflows/icon.png","dataSources":["DataContractSubmit"],"dependencies":[],"dependents":[],"parameterHints":{"workflowName":{"value":"1ccfbfe4-b702-47f5-b482-1652b1ade841"},"workflowEntityId":{}},"parameterHintsV2":{"workflowName":{"value":"1ccfbfe4-b702-47f5-b482-1652b1ade841"},"workflowEntityId":{}},"isOnPremiseConnection":false,"bypassConsent":false,"dataSets":{},"apiTier":"Standard","isCustomApiConnection":false,"actions":["Run"]}},"databaseReferences":{},"almMode":"Environment","performanceOptimizationEnabled":true,"canConsumeAppPass":true,"enableModernRuntimeMode":false,"executionRestrictions":{"isTeamsOnly":false,"dataLossPreventionEvaluationResult":{"status":"Compliant","lastEvaluationDate":"2023-06-29T14:44:47.9750465Z","violations":[],"violationsByPolicy":[],"violationErrorMessage":"The app uses the following connectors: shared_azureblob, shared_logicflows, shared_office365users."},"httpActionRestriction":{"appUsesSharepointHttpAction":false,"enforcementStrategy":"Legacy","evaluationTime":"2023-06-29T14:44:47.9749382Z"}}},"appType":"ClassicCanvasApp","appComponents":[]}}